Course Name,Links
ai for everyone,https://www.coursera.org/learn/ai-for-everyone
ai for medical diagnosis,https://www.coursera.org/learn/ai-for-medical-diagnosis
accounting: principles of financial accounting,https://www.coursera.org/learn/financial-accounting
addiction treatment: clinical skills for healthcare providers,https://www.coursera.org/learn/addiction-treatment
"advanced valuation and strategy - m&a, private equity, and venture capital",https://www.coursera.org/learn/advanced-valuation-and-strategy
agile with atlassian jira,https://www.coursera.org/learn/agile-atlassian-jira
american contract law i,https://www.coursera.org/learn/contracts-1
an introduction to accessibility and inclusive design,https://www.coursera.org/learn/accessibility
an introduction to consumer neuroscience & neuromarketing,https://www.coursera.org/learn/neuromarketing
applied data science capstone,https://www.coursera.org/learn/applied-data-science-capstone
arts and heritage management,https://www.coursera.org/learn/arts-heritage
astronomy: exploring time and space,https://www.coursera.org/learn/astro
auditing i: conceptual foundations of auditing,https://www.coursera.org/learn/auditing-part1-conceptual-foundations
autodesk certified professional: autocad for design and drafting exam prep,https://www.coursera.org/learn/autodesk-autocad-design-drafting
autodesk certified professional: revit for architectural design exam prep,https://www.coursera.org/learn/autodesk-revit-architectural-design
bim fundamentals for engineers,https://www.coursera.org/learn/bim-fundamentals
behavioral finance,https://www.coursera.org/learn/duke-behavioral-finance
biology meets programming: bioinformatics for beginners,https://www.coursera.org/learn/bioinformatics
"brand management: aligning business, brand and behaviour",https://www.coursera.org/learn/brand
build basic generative adversarial networks (gans),https://www.coursera.org/learn/build-basic-generative-adversarial-networks-gans
build a modern computer from first principles: from nand to tetris (project-centered course),https://www.coursera.org/learn/build-a-computer
building ai powered chatbots without programming,https://www.coursera.org/learn/building-ai-powered-chatbots
business model innovation,https://www.coursera.org/learn/business-model
business strategy,https://www.coursera.org/specializations/business-strategy
business writing,https://www.coursera.org/learn/writing-for-business
cobol programming with vscode,https://www.coursera.org/learn/cobol-programming-vscode
covid-19 contact tracing,https://www.coursera.org/learn/covid-19-contact-tracing
chemicals and health,https://www.coursera.org/learn/chemicals-health
chinese for beginners,https://www.coursera.org/learn/learn-chinese
clinical terminology for international and u.s. students,https://www.coursera.org/learn/clinical-terminology
communication strategies for a virtual age,https://www.coursera.org/learn/communication-strategies-virtual-age
construction project management,https://www.coursera.org/learn/construction-project-management
convolutional neural networks,https://www.coursera.org/learn/convolutional-neural-networks
convolutional neural networks in tensorflow,https://www.coursera.org/learn/convolutional-neural-networks-tensorflow
corporate & commercial law i: contracts & employment law,https://www.coursera.org/learn/corporate-commercial-law-part1
corporate strategy,https://www.coursera.org/learn/corporatestrategy
corporate strategy,https://www.coursera.org/learn/corporatestrategy
corporate sustainability. understanding and seizing the strategic opportunity,https://www.coursera.org/learn/corp-sustainability
cost and economics in pricing strategy,https://www.coursera.org/learn/uva-darden-bcg-pricing-strategy-cost-economics
country level economics: macroeconomic variables and markets,https://www.coursera.org/learn/country-level-economics
crash course on python,https://www.coursera.org/learn/python-crash-course
creative thinking: techniques and tools for success,https://www.coursera.org/learn/creative-thinking-techniques-and-tools-for-success
cultural competence - aboriginal sydney,https://www.coursera.org/learn/cultural-competence-aboriginal-sydney
curanderismo: traditional healing using plants,https://www.coursera.org/learn/curanderismo-plants
cybersecurity compliance framework & system administration,https://www.coursera.org/learn/cybersecurity-compliance-framework-system-administration
"cybersecurity roles, processes & operating system security",https://www.coursera.org/learn/cybersecurity-roles-processes-operating-system-security
data management for clinical research,https://www.coursera.org/learn/clinical-data-management
data science math skills,https://www.coursera.org/learn/datasciencemathskills
data science methodology,https://www.coursera.org/learn/data-science-methodology
data visualization and dashboards with excel and cognos,https://www.coursera.org/learn/data-visualization-dashboards-excel-cognos
data visualization with python,https://www.coursera.org/learn/python-for-data-visualization
data visualization with python,https://www.coursera.org/learn/python-for-data-visualization
deep neural networks with pytorch,https://www.coursera.org/learn/deep-neural-networks-with-pytorch
digital product management: modern fundamentals,https://www.coursera.org/learn/uva-darden-digital-product-management
dino 101: dinosaur paleobiology,https://www.coursera.org/learn/dino101
diversity and inclusion in the workplace,https://www.coursera.org/learn/diversity-inclusion-workplace
driving business towards the sustainable development goals,https://www.coursera.org/learn/sdgbusiness
drug discovery,https://www.coursera.org/learn/drug-discovery
economics of money and banking,https://www.coursera.org/learn/money-banking
electric industry operations and markets,https://www.coursera.org/learn/electricity
entrepreneurship,https://www.coursera.org/specializations/wharton-entrepreneurship
entrepreneurship strategy: from ideation to exit,https://www.coursera.org/learn/entrepreneurship-strategy
equine welfare and management,https://www.coursera.org/learn/equine
essentials in clinical simulations across the health professions,https://www.coursera.org/learn/clinicalsimulations
essentials of global health,https://www.coursera.org/learn/essentials-global-health
"ethics, technology and engineering",https://www.coursera.org/learn/ethics-technology-engineering
"everyday excel, part 1",https://www.coursera.org/learn/everyday-excel-part-1
everyday parenting: the abcs of child rearing,https://www.coursera.org/learn/everyday-parenting
excel basics for data analysis,https://www.coursera.org/learn/excel-basics-data-analysis-ibm
excel fundamentals for data analysis,https://www.coursera.org/learn/excel-data-analysis-fundamentals
excel skills for business: intermediate i,https://www.coursera.org/learn/excel-intermediate-1
exploratory data analysis for machine learning,https://www.coursera.org/learn/ibm-exploratory-data-analysis-for-machine-learning
"federal taxation i: individuals, employees, and sole proprietors",https://www.coursera.org/learn/federal-taxation-individuals
finance for non-finance professionals,https://www.coursera.org/learn/finance-for-non-finance
finance for non-financial managers,https://www.coursera.org/learn/finance-for-non-financial-managers
financial accounting fundamentals,https://www.coursera.org/learn/uva-darden-financial-accounting
financial markets,https://www.coursera.org/learn/financial-markets-global
financial planning for young adults,https://www.coursera.org/learn/financial-planning
financing and investing in infrastructure,https://www.coursera.org/learn/infrastructure-investing
finding purpose and meaning in life: living for what matters most,https://www.coursera.org/learn/finding-purpose-and-meaning-in-life
first step korean,https://www.coursera.org/learn/learn-korean
forensic accounting and fraud examination,https://www.coursera.org/learn/forensic-accounting
formal financial accounting,https://www.coursera.org/learn/formal-financial-accounting
foundations for assisting in home care,https://www.coursera.org/learn/home-care
foundations of business strategy,https://www.coursera.org/learn/uva-darden-foundations-business-strategy
foundations of teaching for learning: introduction,https://www.coursera.org/learn/teaching
fundamentals of engineering exam review,https://www.coursera.org/learn/fe-exam
fundamentals of gis,https://www.coursera.org/learn/gis
fundamentals of graphic design,https://www.coursera.org/learn/fundamentals-of-graphic-design
fundamentals of music theory,https://www.coursera.org/learn/edinburgh-music-theory
fundamentals of project planning and management,https://www.coursera.org/learn/uva-darden-project-management
fundamentals of reinforcement learning,https://www.coursera.org/learn/fundamentals-of-reinforcement-learning
fundamentals of social media advertising,https://www.coursera.org/learn/social-media-advertising-fundamentals
getting started with ai using ibm watson,https://www.coursera.org/learn/ai-with-ibm-watson
getting started with power bi desktop,https://www.coursera.org/projects/power-bi-desktop
getting started with sas programming,https://www.coursera.org/learn/sas-programming-basics
giving helpful feedback,https://www.coursera.org/learn/feedback
global diplomacy: the united nations in the world,https://www.coursera.org/learn/global-diplomacy-un
"html, css, and javascript for web developers",https://www.coursera.org/learn/html-css-javascript-for-web-developers
healing with the arts,https://www.coursera.org/learn/healing-with-the-arts
health behavior change: from evidence to action,https://www.coursera.org/learn/health-behavior-change
how things work: an introduction to physics,https://www.coursera.org/learn/how-things-work
how to write and publish a scientific paper (project-centered course),https://www.coursera.org/learn/how-to-write-a-scientific-paper
it security: defense against the digital dark arts,https://www.coursera.org/learn/it-security
"improving deep neural networks: hyperparameter tuning, regularization and optimization",https://www.coursera.org/learn/deep-neural-network
industrial biotechnology,https://www.coursera.org/learn/industrial-biotech
"information systems auditing, controls and assurance",https://www.coursera.org/learn/information-systems-audit
innovation management,https://www.coursera.org/learn/innovation-management
"innovation through design: think, make, break, repeat",https://www.coursera.org/learn/innovation-through-design
inspiring and motivating individuals,https://www.coursera.org/learn/motivate-people-teams
instructional design foundations and applications,https://www.coursera.org/learn/instructional-design-foundations-applications
instructional methods in health professions education,https://www.coursera.org/learn/instructional-methods-education
international humanitarian law in theory and practice,https://www.coursera.org/learn/international-humanitarian-law
international law in action: investigating and prosecuting international crimes,https://www.coursera.org/learn/international-law-in-action-2
international law in action: the arbitration of international disputes,https://www.coursera.org/learn/arbitration-international-disputes
international leadership and organizational behavior,https://www.coursera.org/learn/organizational-behavior
international organizations management,https://www.coursera.org/learn/international-organizations-management
introduction to artificial intelligence (ai),https://www.coursera.org/learn/introduction-to-ai
introduction to calculus,https://www.coursera.org/learn/introduction-to-calculus
introduction to chemistry: reactions and ratios,https://www.coursera.org/learn/intro-chemistry
introduction to cloud computing,https://www.coursera.org/learn/introduction-to-cloud
introduction to cybersecurity tools & cyber attacks,https://www.coursera.org/learn/introduction-cybersecurity-cyber-attacks
introduction to data analytics,https://www.coursera.org/learn/introduction-to-data-analytics
introduction to data science in python,https://www.coursera.org/learn/python-data-analysis
introduction to deep learning & neural networks with keras,https://www.coursera.org/learn/introduction-to-deep-learning-with-keras
introduction to engineering mechanics,https://www.coursera.org/learn/engineering-mechanics-statics
introduction to english common law,https://www.coursera.org/learn/intro-common-law
introduction to environmental law and policy,https://www.coursera.org/learn/environmental-law
introduction to finance: the basics,https://www.coursera.org/learn/introduction-to-finance-the-basics
introduction to forensic science,https://www.coursera.org/learn/forensic-science
introduction to git and github,https://www.coursera.org/learn/introduction-git-github
introduction to machine learning,https://www.coursera.org/learn/machine-learning-duke
introduction to negotiation: a strategic playbook for becoming a principled and persuasive negotiator,https://www.coursera.org/learn/negotiation
introduction to philosophy,https://www.coursera.org/learn/philosophy
introduction to probability and data with r,https://www.coursera.org/learn/probability-intro
introduction to programming with matlab,https://www.coursera.org/learn/matlab
introduction to project management,https://www.coursera.org/learn/introduction-to-project-management
introduction to project management,https://www.coursera.org/projects/introduction-project-management
introduction to psychology,https://www.coursera.org/learn/introduction-psych
introduction to psychology,https://www.coursera.org/learn/introduction-psych
introduction to psychology,https://www.coursera.org/learn/introduction-psychology
introduction to psychology,https://www.coursera.org/learn/introduction-psychology
introduction to self-driving cars,https://www.coursera.org/learn/intro-self-driving-cars
introduction to social media marketing,https://www.coursera.org/learn/social-media-marketing-introduction
introduction to sustainability,https://www.coursera.org/learn/sustainability
introduction to systematic review and meta-analysis,https://www.coursera.org/learn/systematic-review
introduction to systems engineering,https://www.coursera.org/learn/systems-engineering
"introduction to tensorflow for artificial intelligence, machine learning, and deep learning",https://www.coursera.org/learn/introduction-tensorflow
introduction to user experience design,https://www.coursera.org/learn/user-experience-design
introduction to web development,https://www.coursera.org/learn/web-development
introductory human physiology,https://www.coursera.org/learn/physiology
leadership in 21st century organizations,https://www.coursera.org/learn/leadership-21st-century
leading healthcare quality and safety,https://www.coursera.org/learn/quality-healthcare
learn to program: the fundamentals,https://www.coursera.org/learn/learn-to-program
learn to speak korean 1,https://www.coursera.org/learn/learn-speak-korean1
learning how to learn: powerful mental tools to help you master tough subjects,https://www.coursera.org/learn/learning-how-to-learn
linear circuits 1: dc analysis,https://www.coursera.org/learn/linear-circuits-dcanalysis
machine learning for all,https://www.coursera.org/learn/uol-machine-learning-for-all
machine learning with python,https://www.coursera.org/learn/machine-learning-with-python
making architecture,https://www.coursera.org/learn/making-architecture
management of fashion and luxury companies,https://www.coursera.org/learn/mafash
managerial accounting fundamentals,https://www.coursera.org/learn/uva-darden-managerial-accounting
managing the company of the future,https://www.coursera.org/learn/company-future-management
mastering final cut pro,https://www.coursera.org/learn/mastering-final-cut-pro
mathematics for machine learning: linear algebra,https://www.coursera.org/learn/linear-algebra-machine-learning
medical neuroscience,https://www.coursera.org/learn/medical-neuroscience
microeconomics principles,https://www.coursera.org/learn/microeconomics
miracles of human language: an introduction to linguistics,https://www.coursera.org/learn/human-language
model thinking,https://www.coursera.org/learn/model-thinking
moral foundations of politics,https://www.coursera.org/learn/moral-politics
natural language processing,https://www.coursera.org/specializations/natural-language-processing
natural language processing in tensorflow,https://www.coursera.org/learn/natural-language-processing-tensorflow
natural language processing with attention models,https://www.coursera.org/learn/attention-models-in-nlp
natural language processing with classification and vector spaces,https://www.coursera.org/learn/classification-vector-spaces-in-nlp
natural language processing with probabilistic models,https://www.coursera.org/learn/probabilistic-models-in-nlp
natural language processing with sequence models,https://www.coursera.org/learn/sequence-models-in-nlp
neural networks and deep learning,https://www.coursera.org/learn/neural-networks-deep-learning
object oriented programming in java,https://www.coursera.org/specializations/object-oriented-programming
object-oriented data structures in c++,https://www.coursera.org/learn/cs-fundamentals-1
oil & gas industry operations and markets,https://www.coursera.org/learn/oilandgas
operating systems and you: becoming a power user,https://www.coursera.org/learn/os-power-user
politics and economics of international energy,https://www.coursera.org/learn/global-energy
positive psychiatry and mental health,https://www.coursera.org/learn/positive-psychiatry
precision medicine,https://www.coursera.org/learn/precision-medicine
principles of sustainable finance,https://www.coursera.org/learn/sustainable-finance
private equity and venture capital,https://www.coursera.org/learn/private-equity
"programming languages, part a",https://www.coursera.org/learn/programming-languages
programming for everybody (getting started with python),https://www.coursera.org/learn/python
psychological first aid,https://www.coursera.org/learn/psychological-first-aid
python basics,https://www.coursera.org/learn/python-basics
python data structures,https://www.coursera.org/learn/python-data
python data structures,https://www.coursera.org/learn/python-data
"python functions, files, and dictionaries",https://www.coursera.org/learn/python-functions-files-dictionaries
python and statistics for financial analysis,https://www.coursera.org/learn/python-statistics-financial-analysis
queering identities: lgbtq+ sexuality and gender identity,https://www.coursera.org/learn/queeringidentities
reducing gun violence in america: evidence for change,https://www.coursera.org/learn/gun-violence
sql for data science,https://www.coursera.org/learn/sql-for-data-science
science of exercise,https://www.coursera.org/learn/science-exercise
sequence models,https://www.coursera.org/learn/nlp-sequence-models
"sequences, time series and prediction",https://www.coursera.org/learn/tensorflow-sequences-time-series-and-prediction
site reliability engineering: measuring and managing reliability,https://www.coursera.org/learn/site-reliability-engineering-slos
social media management,https://www.coursera.org/learn/social-media-management
social psychology,https://www.coursera.org/learn/social-psychology
solar energy basics,https://www.coursera.org/learn/solar-energy-basics
solar energy system design,https://www.coursera.org/learn/solar-energy-system-design
"speak english professionally: in person, online & on the phone",https://www.coursera.org/learn/speak-english-professionally
sports marketing,https://www.coursera.org/learn/sports-marketing
structuring machine learning projects,https://www.coursera.org/learn/machine-learning-projects
successful negotiation: essential strategies and skills,https://www.coursera.org/learn/negotiation-skills
supply chain logistics,https://www.coursera.org/learn/supply-chain-logistics
supply chain principles,https://www.coursera.org/learn/supply-chain-principles
sustainable fashion,https://www.coursera.org/learn/sustainable-fashion
system administration and it infrastructure services,https://www.coursera.org/learn/system-administration-it-infrastructure-services
teach english now! foundational principles,https://www.coursera.org/learn/english-principles
teamwork skills: communicating effectively in groups,https://www.coursera.org/learn/teamwork-skills-effective-communication
technical support fundamentals,https://www.coursera.org/learn/technical-support-fundamentals
the arts and science of relationships: understanding human needs,https://www.coursera.org/learn/human-needs
the bits and bytes of computer networking,https://www.coursera.org/learn/computer-networking
the manager's toolkit: a practical guide to managing people at work,https://www.coursera.org/learn/people-management
"the modern world, part one: global history from 1760 to 1910",https://www.coursera.org/learn/modern-world
the science of well-being,https://www.coursera.org/learn/the-science-of-well-being
the strategy of content marketing,https://www.coursera.org/learn/content-marketing
tools for data science,https://www.coursera.org/learn/open-source-tools-for-data-science
translation in practice,https://www.coursera.org/learn/translation-in-practice
understanding clinical research: behind the statistics,https://www.coursera.org/learn/clinical-research
understanding research methods,https://www.coursera.org/learn/research-methods
understanding child development: from synapse to society,https://www.coursera.org/learn/child-development
understanding the brain: the neurobiology of everyday life,https://www.coursera.org/learn/neurobiology
using python to access web data,https://www.coursera.org/learn/python-network-data
using python to interact with the operating system,https://www.coursera.org/learn/python-operating-system
visual elements of user interface design,https://www.coursera.org/learn/visual-elements-user-interface-design
weight management: beyond balancing calories,https://www.coursera.org/learn/weight-management-beyond-balancing-calories
what is data science?,https://www.coursera.org/learn/what-is-datascience
wind energy,https://www.coursera.org/learn/wind-energy
wine tasting: sensory techniques for wine analysis,https://www.coursera.org/learn/wine
write a feature length screenplay for film or television,https://www.coursera.org/learn/write-a-feature-length-screenplay-for-film-or-television
write professional emails in english,https://www.coursera.org/learn/professional-emails-english
write your first novel,https://www.coursera.org/learn/write-your-first-novel
How to Learn Online,https://www.edx.org/course/how-to-learn-online
Programming for Everybody (Getting Started with Python),https://www.edx.org/course/programming-for-everybody-getting-started-with-pyt
CS50's Introduction to Computer Science,https://www.edx.org/course/cs50s-introduction-to-computer-science
The Analytics Edge,https://www.edx.org/course/the-analytics-edge
Marketing Analytics: Marketing Measurement Strategy,https://www.edx.org/course/marketing-analytics-marketing-measurement-strategy
Introduction to Project Management,https://www.edx.org/course/introduction-to-project-management
Leading High-Performing Teams,https://www.edx.org/course/leading-high-performing-teams
The Foundations of Happiness at Work,https://www.edx.org/course/the-foundations-of-happiness-at-work
"Managing Study, Stress and Mental Health at University",https://www.edx.org/course/managing-study-stress-and-mental-health-at-univers
Six Sigma: Define and Measure,https://www.edx.org/course/six-sigma-define-and-measure
Fat Chance: Probability from the Ground Up,https://www.edx.org/course/fat-chance-probability-from-the-ground-up-2
Chasing your Dream: How to End Procrastination and Get a Job You Love,https://www.edx.org/course/chasing-your-dream-how-to-end-procrastination-and
English Grammar and Style,https://www.edx.org/course/english-grammar-and-style
Ethics in Action,https://www.edx.org/course/ethics-in-action
Introduction to FinTech,https://www.edx.org/course/introduction-to-fintech
Data Science: R Basics,https://www.edx.org/course/data-science-r-basics
Python Basics for Data Science,https://www.edx.org/course/python-basics-for-data-science
The Science of Beer,https://www.edx.org/course/the-science-of-beer
Strategic Social Media Marketing,https://www.edx.org/course/strategic-social-media-marketing
CS50's Introduction to Artificial Intelligence with Python,https://www.edx.org/course/cs50s-introduction-to-artificial-intelligence-with-python
Rhetoric: The Art of Persuasive Writing and Public Speaking,https://www.edx.org/course/rhetoric-art-of-persuasive-writing-public-speaking
CS50's Web Programming with Python and JavaScript,https://www.edx.org/course/cs50s-web-programming-with-python-and-javascript
Contract Law: From Trust to Promise to Contract,https://www.edx.org/course/contract-law-from-trust-to-promise-to-contract
"Fundamentals of Neuroscience, Part 1: The Electrical Properties of the Neuron",https://www.edx.org/course/fundamentals-of-neuroscience-part-1-the-electrical
Justice,https://www.edx.org/course/justice-2
Data Science: Machine Learning,https://www.edx.org/course/data-science-machine-learning
Child Protection: Children's Rights in Theory and Practice,https://www.edx.org/course/child-protection-childrens-rights-in-theory-and-pr
IELTS Academic Test Preparation,https://www.edx.org/course/ielts-academic-test-preparation
The Architectural Imagination,https://www.edx.org/course/the-architectural-imagination
TOEFL® Test Preparation: The Insider’s Guide,https://www.edx.org/course/toefl-test-preparation-the-insiders-guide
Principles of Biochemistry,https://www.edx.org/course/principles-of-biochemistry
Using Python for Research,https://www.edx.org/course/using-python-for-research
Hinduism Through Its Scriptures,https://www.edx.org/course/hinduism-through-its-scriptures
Basic Spanish 1: Getting Started,https://www.edx.org/course/basic-spanish-1-getting-started
The Health Effects of Climate Change,https://www.edx.org/course/the-health-effects-of-climate-change
Statistics and R,https://www.edx.org/course/statistics-and-r
Science & Cooking: From Haute Cuisine to Soft Matter Science (chemistry),https://www.edx.org/course/science-cooking-from-haute-cuisine-to-soft-matter
Pyramids of Giza: Ancient Egyptian Art and Archaeology,https://www.edx.org/course/pyramids-of-giza-ancient-egyptian-art-and-archaeol
"PredictionX: Omens, Oracles & Prophecies",https://www.edx.org/course/omens-oracles-prophecies
Lessons from Ebola: Preventing the Next Pandemic,https://www.edx.org/course/lessons-from-ebola-preventing-the-next-pandemic
Improving Global Health: Focusing on Quality and Safety,https://www.edx.org/course/improving-global-health-focusing-on-quality-and-sa
Data Science: Visualization,https://www.edx.org/course/data-science-visualization
Christianity Through Its Scriptures,https://www.edx.org/course/christianity-through-its-scriptures
The Science of Happiness,https://www.edx.org/course/the-science-of-happiness-3
How to Write an Essay,https://www.edx.org/course/how-to-write-an-essay
Energy Within Environmental Constraints,https://www.edx.org/course/energy-within-environmental-constraints
Introduction to Probability,https://www.edx.org/course/introduction-to-probability
AnatomyX: Musculoskeletal Cases,https://www.edx.org/course/anatomyx-musculoskeletal-cases
Data Science: Inference and Modeling,https://www.edx.org/course/data-science-inference-and-modeling
Strengthening Community Health Worker Programs,https://www.edx.org/course/strengthening-community-health-worker-programs
Buddhism Through Its Scriptures,https://www.edx.org/course/buddhism-through-its-scriptures
Introduction to Linux,https://www.edx.org/course/introduction-to-linux
"Bioethics: The Law, Medicine, and Ethics of Reproductive Technologies and Genetics",https://www.edx.org/course/bioethics-the-law-medicine-and-ethics-of-reproduct
Shakespeare's Life and Work,https://www.edx.org/course/shakespeares-life-and-work
Accounting and Finance,https://www.edx.org/course/accounting-and-finance
Computing in Python I: Fundamentals and Procedural Programming,https://www.edx.org/course/computing-in-python-i-fundamentals-and-procedural
"Nutrition, Exercise and Sports",https://www.edx.org/course/nutrition-exercise-and-sports
Becoming an Entrepreneur,https://www.edx.org/course/becoming-an-entrepreneur
"Religion, Conflict and Peace",https://www.edx.org/course/religion-conflict-and-peace
"Tangible Things: Discovering History Through Artworks, Artifacts, Scientific Specimens, and the Stuff Around You",https://www.edx.org/course/tangible-things-discovering-history-through-artwor
Academic and Business Writing,https://www.edx.org/course/academic-and-business-writing
Data Science: Capstone,https://www.edx.org/course/data-science-capstone
Basics of Computing and Programming,https://www.edx.org/course/basics-of-computing-and-programming
"Fundamentals of Neuroscience, Part 2: Neurons and Networks",https://www.edx.org/course/fundamentals-of-neuroscience-part-2-neurons-and-ne
Successful Negotiation: Essential Strategies and Skills,https://www.edx.org/course/successful-negotiation-essential-strategies-and-skills
Data Science: Linear Regression,https://www.edx.org/course/data-science-linear-regression
HTML5 and CSS Fundamentals,https://www.edx.org/course/html5-and-css-fundamentals
Data Science: Productivity Tools,https://www.edx.org/course/data-science-productivity-tools
Introduction to Corporate Finance,https://www.edx.org/course/introduction-to-corporate-finance
Computer Science 101,https://www.edx.org/course/computer-science-101
Data Science: Wrangling,https://www.edx.org/course/data-science-wrangling
A Hands-on Introduction to Engineering Simulations,https://www.edx.org/course/a-hands-on-introduction-to-engineering-simulations
AI for Everyone: Master the Basics,https://www.edx.org/course/artificial-intelligence-for-everyone
The Psychology of Criminal Justice,https://www.edx.org/course/the-psychology-of-criminal-justice
Machine Learning with Python: A Practical Introduction,https://www.edx.org/course/machine-learning-with-python-a-practical-introduct
Analyzing Data with Python,https://www.edx.org/course/analyzing-data-with-python
Probability - The Science of Uncertainty and Data,https://www.edx.org/course/probability-the-science-of-uncertainty-and-data
"Fundamentals of Neuroscience, Part 3: The Brain",https://www.edx.org/course/fundamentals-of-neuroscience-part-3-the-brain
Sikhism Through Its Scriptures,https://www.edx.org/course/sikhism-through-its-scriptures
Upper-Intermediate English: Business and Modern Life,https://www.edx.org/course/upper-intermediate-english-modern-life
Introduction to Probability,https://www.edx.org/course/introduction-to-probability
Religious Literacy: Traditions and Scriptures,https://www.edx.org/course/religious-literacy-traditions-and-scriptures
Analyzing and Visualizing Data with Power BI,https://www.edx.org/course/data-analysis-in-power-bi
High-Dimensional Data Analysis,https://www.edx.org/course/high-dimensional-data-analysis
Introduction To Music Theory,https://www.edx.org/course/introduction-to-music-theory-2
Human Anatomy,https://www.edx.org/course/human-anatomy
"CitiesX: The Past, Present and Future of Urban Life",https://www.edx.org/course/citiesx-the-past-present-and-future-of-urban-life
The Path to Happiness: What Chinese Philosophy Teaches us about the Good Life,https://www.edx.org/course/the-path-to-happiness
Entrepreneurship 101: Who is your customer?,https://www.edx.org/course/entrepreneurship-101-who-is-your-customer
"U.S. Public Policy: Social, Economic, and Foreign Policies",https://www.edx.org/course/us-public-policy-social-economic-and-foreign-polic
Machine Learning with Python: from Linear Models to Deep Learning,https://www.edx.org/course/machine-learning-with-python-from-linear-models-to
Introduction to Data Science,https://www.edx.org/course/intro-to-data-science
Circuits and Electronics 1: Basic Circuit Analysis,https://www.edx.org/course/circuits-and-electronics-1-basic-circuit-analysi-2
Improving Your Business Through a Culture of Health,https://www.edx.org/course/improving-your-business-through-a-culture-of-healt
Introduction to Linear Models and Matrix Algebra,https://www.edx.org/course/introduction-to-linear-models-and-matrix-algebra
DO Your Venture: Entrepreneurship For Everyone,https://www.edx.org/course/do-your-venture-entrepreneurship-for-everyone
Humanitarian Response to Conflict and Disaster,https://www.edx.org/course/humanitarian-response-to-conflict-and-disaster
"Women Making History: Ten Objects, Many Stories",https://www.edx.org/course/women-making-history-ten-objects-many-stories
Masterpieces of World Literature,https://www.edx.org/course/masterpieces-of-world-literature
SQL for Data Science,https://www.edx.org/course/sql-for-data-science
Science & Cooking: From Haute Cuisine to Soft Matter Science (physics),https://www.edx.org/course/science-cooking-from-haute-cuisine-to-soft-matte-2
Marketing Analytics: Competitive Analysis and Market Segmentation,https://www.edx.org/course/marketing-analytics-competitive-analysis-and-marke
MalariaX: Defeating Malaria from the Genes to the Globe,https://www.edx.org/course/malariax-defeating-malaria-from-the-genes-to-the-g
Entrepreneurship in Emerging Economies,https://www.edx.org/course/entrepreneurship-in-emerging-economies
JavaScript Introduction,https://www.edx.org/course/javascript-introduction
People Management, impact of individual and organizational factors on people management.Week 2: Getting Work Done Through OthersChallenges of getting work done
Using Email for Networking in English,https://www.edx.org/course/using-email-for-networking-in-english
Databases: Relational Databases and SQL,https://www.edx.org/course/databases-5-sql
C Programming: Getting Started,https://www.edx.org/course/c-programming-getting-started
Supply Chain Analytics,https://www.edx.org/course/supply-chain-analytics
Programming for the Web with JavaScript,https://www.edx.org/course/programming-for-the-web-with-javascript
Introduction to Digital Humanities,https://www.edx.org/course/introduction-to-digital-humanities
Upper-Intermediate English: Business and Industry,https://www.edx.org/course/upper-intermediate-english-business
EmSAT English Preparation - Level 1,https://www.edx.org/course/emsat-english-preparation-level-1
Python for Data Science,https://www.edx.org/course/python-for-data-science-2
Empathy and Emotional Intelligence at Work,https://www.edx.org/course/empathy-and-emotional-intelligence-at-work
Design Thinking and Creativity for Innovation,https://www.edx.org/course/design-thinking-and-creativity-for-innovation
China and Communism,https://www.edx.org/course/china-and-communism
Mandarin Chinese Level 1,https://www.edx.org/course/mandarin-chinese-level-1
Introduction to Biology - The Secret of Life,https://www.edx.org/course/introduction-to-biology-the-secret-of-life-3
Causal Diagrams: Draw Your Assumptions Before Your Conclusions,https://www.edx.org/course/causal-diagrams-draw-your-assumptions-before-your
生活英语听说 | Conversational English Skills,https://www.edx.org/course/conversational-english-skills
Shakespeare’s Othello: The Moor,https://www.edx.org/course/shakespeares-othello-the-moor
Basic Spanish 2: One Step Further,https://www.edx.org/course/basic-spanish-2-one-step-further
Financial Market Analysis,https://www.edx.org/course/financial-market-analysis
CS50's Computer Science for Business Professionals,https://www.edx.org/course/cs50s-computer-science-for-business-professionals
Upper-Intermediate English: Business and Globalization,https://www.edx.org/course/upper-intermediate-english-globalization
The Opioid Crisis in America,https://www.edx.org/course/the-opioid-crisis-in-america
Statistical Learning,https://www.edx.org/course/statistical-learning
Introduction to Social Psychology,https://www.edx.org/course/introduction-to-social-psychology
Artificial Intelligence (AI),https://www.edx.org/course/artificial-intelligence-ai
American Government: Constitutional Foundations,https://www.edx.org/course/american-government-constitutional-foundations
Japanese Books: From Manuscript to Print,https://www.edx.org/course/japanese-books-from-manuscript-to-print
Foundations of Modern Finance  I,https://www.edx.org/course/foundations-of-modern-finance-i
Operations Management,https://www.edx.org/course/operations-management
Marketing Management,https://www.edx.org/course/marketing-management
Introduction to Marketing,https://www.edx.org/course/introduction-to-marketing
Programming Basics,https://www.edx.org/course/programming-basics
Probability and Statistics in Data Science using Python,https://www.edx.org/course/probability-and-statistics-in-data-science-using-p
HTML5 Coding Essentials and Best Practices,https://www.edx.org/course/html5-coding-essentials-and-best-practices
"Algorithms: Design and Analysis, Part 1",https://www.edx.org/course/algorithms-design-and-analysis
Upper-Intermediate English: Business and Technology,https://www.edx.org/course/upper-intermediate-english-technology-today
Shakespeare's Hamlet: The Ghost,https://www.edx.org/course/shakespeares-hamlet-the-ghost
Introduction to Aerospace Structures and Materials,https://www.edx.org/course/introduction-to-aerospace-structures-and-materials
Visualizing Data with Python,https://www.edx.org/course/visualizing-data-with-python
Success: Practical Thinking Skills,https://www.edx.org/course/practical-thinking-skills-for-a-successful-life-2
English for Doing Business in Asia – Speaking,https://www.edx.org/course/english-for-doing-business-in-asia-speaking
Nutrition and Health: Macronutrients and Overnutrition,https://www.edx.org/course/nutrition-and-health-macronutrients-and-overnutrit
"Contemporary China: The People's Republic, Taiwan, and Hong Kong",https://www.edx.org/course/contemporary-china-the-peoples-republic-taiwan-and
Introduction to Clinical Psychology,https://www.edx.org/course/introduction-to-clinical-psychology
Modern Masterpieces of World Literature,https://www.edx.org/course/modern-masterpieces-of-world-literature
"Citizen Politics in America: Public Opinion, Elections, Interest Groups, and the Media",https://www.edx.org/course/citizen-politics-in-america-public-opinion-electio
Applied Scrum for Agile Project Management,https://www.edx.org/course/usmx-applied-scrum-for-project-management-2
Corporate Finance,https://www.edx.org/course/corporate-finance-2
Judaism Through Its Scriptures,https://www.edx.org/course/judaism-through-its-scriptures
CSS Basics,https://www.edx.org/course/css-basics
Unlocking Information Security: Part I,https://www.edx.org/course/unlocking-information-security-part-i
Becoming an Effective Leader,https://www.edx.org/course/becoming-an-effective-leader
Digital Branding and Engagement,https://www.edx.org/course/digital-branding-and-engagement
Introduction to Cybersecurity,https://www.edx.org/course/introduction-to-cybersecurity
General Academic English|生活英语进阶,https://www.edx.org/course/general-academic-englishsheng-huo-ying-yu-jin-jie
From Poverty to Prosperity: Understanding Economic Development,https://www.edx.org/course/from-poverty-to-prosperity-understanding-economic
Medical Terminology,https://www.edx.org/course/medical-terminology
Ancient Masterpieces of World Literature,https://www.edx.org/course/ancient-masterpieces-of-world-literature
Shakespeare's The Merchant of Venice: Shylock,https://www.edx.org/course/shakespeares-merchant-of-venice-shylock
Behavioural Economics in Action,https://www.edx.org/course/behavioural-economics-in-action
Finance for Everyone: Smart Tools for Decision-Making,https://www.edx.org/course/finance-for-everyone-smart-tools-for-decision-ma-2
Creating Innovative Business Models,https://www.edx.org/course/creating-innovative-business-models
u.lab: Leading From the Emerging Future,https://www.edx.org/course/ulab-leading-from-the-emerging-future
Electric Cars: Introduction,https://www.edx.org/course/electric-cars-introduction
Marketing Analytics,https://www.edx.org/course/marketing-analytics
Design Thinking Fundamentals,https://www.edx.org/course/design-thinking-fundamentals
Basic Spanish 3: Getting there,https://www.edx.org/course/basic-spanish-3-getting-there
Sustainability in Architecture: An Interdisciplinary Introduction,https://www.edx.org/course/sustainability-in-architecture-an-interdisciplinar
Python Data Structures,https://www.edx.org/course/python-data-structures
The Science and Business of Biotechnology,https://www.edx.org/course/the-science-and-business-of-biotechnology
Finance Essentials,https://www.edx.org/course/finance-essentials
Introduction to the Internet of Things (IoT),https://www.edx.org/course/introduction-to-the-internet-of-things-iot
'Talk to me': Improving mental health and suicide prevention in young adults,https://www.edx.org/course/talk-to-me-improving-mental-health
Disaster Medicine Training,https://www.edx.org/course/disaster-medicine-training
Nutrition and Health: Human Microbiome,https://www.edx.org/course/nutrition-and-health-human-microbiome
Customer Relationship Management,https://www.edx.org/course/customer-relationship-management
Islam Through Its Scriptures,https://www.edx.org/course/islam-through-its-scriptures
Mechatronics Revolution: Fundamentals and Core Concepts,https://www.edx.org/course/mechatronics
Accounting for Decision-Making,https://www.edx.org/course/accounting-for-decision-making
C Programming: Language Foundations,https://www.edx.org/course/c-programming-language-foundations
Becoming a Successful Leader (Inclusive Leadership Training),https://www.edx.org/course/becoming-a-successful-leader-inclusive-leadershi-2
"English for Journalists, Part 1",https://www.edx.org/course/english-for-journalists-part-1-2
Introduction to Networking,https://www.edx.org/course/introduction-to-networking
Accounting Essentials,https://www.edx.org/course/accounting-essentials
Introduction to Java Programming: Starting to code in Java,https://www.edx.org/course/introduction-to-java-programming-starting-to-code
European Paintings: From Leonardo to Rembrandt to Goya,https://www.edx.org/course/european-paintings-from-leonardo-to-rembrandt-to-g
Java Programming Fundamentals,https://www.edx.org/course/java-programming-fundamentals
Data Science Tools,https://www.edx.org/course/data-science-tools
Statistical Thinking for Data Science and Analytics,https://www.edx.org/course/statistical-thinking-for-data-science-and-analytic
International Law,https://www.edx.org/course/international-law
Tourism and Travel Management,https://www.edx.org/course/tourism-and-travel-management
Project Management Life Cycle,https://www.edx.org/course/project-management-life-cycle
Solar Energy,https://www.edx.org/course/solar-energy-3
Public Speaking,https://www.edx.org/course/public-speaking-2
Mindfulness and Resilience to Stress at Work,https://www.edx.org/course/mindfulness-and-resilience-to-stress-at-work
Framing Your Communication to Inspire and Convince,https://www.edx.org/course/communicating-effectively-how-to-inspire-and-con-2
The Chemistry of Life,https://www.edx.org/course/the-chemistry-of-life
Nutrition and Health: Micronutrients and Malnutrition,https://www.edx.org/course/nutrition-and-health-micronutrients-and-malnutriti
Digital Design,https://www.edx.org/course/digital-design
Machine Learning for Data Science and Analytics,https://www.edx.org/course/machine-learning-for-data-science-and-analytics
The Science of Everyday Thinking,https://www.edx.org/course/the-science-of-everyday-thinking
Product Management Fundamentals,https://www.edx.org/course/product-management-fundamentals
International Human Rights Law,https://www.edx.org/course/international-human-rights-law
The Best Start in Life: Early Childhood Development for Sustainable Development,https://www.edx.org/course/the-best-start-in-life-early-childhood-development
Data Science and Machine Learning Capstone Project,https://www.edx.org/course/data-science-and-machine-learning-capstone-project
"Data Science for Construction, Architecture and Engineering",https://www.edx.org/course/Data-Science-for-Construction-Architecture-and-Engineering
"Nutrition, Heart Disease and Diabetes",https://www.edx.org/course/nutrition-heart-disease-and-diabetes
Project Management for Development,https://www.edx.org/course/project-management-for-development
Introduction to Cloud Infrastructure Technologies,https://www.edx.org/course/introduction-to-cloud-infrastructure-technologies
"Circular Fashion: Design, Science and Value in a Sustainable Clothing Industry",https://www.edx.org/course/circular-fashion-in-a-sustainable-clothingindustry
Machine Learning,https://www.edx.org/course/machine-learning
Free Cash Flow Analysis,https://www.edx.org/course/free-cash-flow-analysis
Lean Production,https://www.edx.org/course/lean-production
Introduction to Algebra,https://www.edx.org/course/introduction-to-algebra
"LaTeX for Students, Engineers, and Scientists",https://www.edx.org/course/latex-for-students-engineers-and-scientists-2
Leading With Effective Communication (Inclusive Leadership Training),https://www.edx.org/course/leading-with-effective-communication-inclusive-lea
Anatomy: Musculoskeletal and Integumentary Systems,https://www.edx.org/course/anatomy-musculoskeletal-and-integumentary-systems
"Inglés empresarial: ventas, gestión y liderazgo",https://www.edx.org/course/ingles-empresarial-para-venta-gestion-y-liderazgo-de-equipos
Business Strategy from Wharton: Competitive Advantage,https://www.edx.org/course/business-strategy-from-wharton-competitive-advan-2
"Six Sigma: Analyze, Improve, Control",https://www.edx.org/course/six-sigma-analyze-improve-control
AP® Microeconomics,https://www.edx.org/course/ap-microeconomics
Engineering Calculus and Differential Equations,https://www.edx.org/course/engineering-calculus-and-differential-equations
Linear Algebra - Foundations to Frontiers,https://www.edx.org/course/linear-algebra-foundations-to-frontiers
Effective Communication for Today's Leader,https://www.edx.org/course/effective-communication-for-todays-leader
Electric Cars: Technology,https://www.edx.org/course/electric-cars-technology
Site Planning Online,https://www.edx.org/course/site-planning-online
Macroeconometric Forecasting,https://www.edx.org/course/macroeconometric-forecasting-2
Algorithms,https://www.edx.org/course/algorithms-2
Calculus Applied!,https://www.edx.org/course/calculus-applied
Precalculus,https://www.edx.org/course/precalculus
Business Communications,https://www.edx.org/course/business-communications
International Women's Health and Human Rights,https://www.edx.org/course/international-womens-health-and-human-rights
Blockchain: Understanding Its Uses and Implications,https://www.edx.org/course/blockchain-understanding-its-uses-and-implications
Basics of Power BI,https://www.edx.org/course/basics-of-power-bi
Preparing to Network in English,https://www.edx.org/course/preparing-to-network-in-english
Mandarin Chinese Essentials,https://www.edx.org/course/mandarin-chinese-essentials
Human Rights: The Rights of Refugees,https://www.edx.org/course/human-rights-the-rights-of-refugees
What do Architects and Urban Planners do?,https://www.edx.org/course/what-do-architects-and-urban-planners-do
"U.S. Political Institutions: Congress, Presidency, Courts, and Bureaucracy",https://www.edx.org/course/us-political-institutions-congress-presidency-cour
Negotiation Skills and Effective Communication,https://www.edx.org/course/negotiation-skills-and-effective-communication
AP® English Literature & Composition – Part 1: Stories,https://www.edx.org/course/ap-english-literature-composition-part-1-stories-2
"Viruses & How to Beat Them: Cells, Immunity, Vaccines",https://www.edx.org/course/viruses-how-to-beat-them-cells-immunity-vaccines
Designing and Creating Skirts,https://www.edx.org/course/designing-and-creating-skirts
Computing in Python II: Control Structures,https://www.edx.org/course/computing-in-python-ii-control-structures
Machine Learning Fundamentals,https://www.edx.org/course/machine-learning-fundamentals-2
Pre-University Calculus,https://www.edx.org/course/pre-university-calculus-2
Tsinghua Chinese: Start Talking with 1.3 Billion People,https://www.edx.org/course/tsinghua-chinese-start-talking-with-13-billion-peo
Deep Learning with Python and PyTorch,https://www.edx.org/course/deep-learning-with-python-and-pytorch
World of Wine: From Grape to Glass,https://www.edx.org/course/world-of-wine-from-grape-to-glass
Sustainable Cities,https://www.edx.org/course/sustainable-cities-2
Introduction to Developmental Psychology,https://www.edx.org/course/introduction-to-developmental-psychology
Creativity & Entrepreneurship,https://www.edx.org/course/creativity-entrepreneurship
College Algebra and Problem Solving,https://www.edx.org/course/college-algebra-and-problem-solving
Financial Development and Financial Inclusion,https://www.edx.org/course/financial-development-and-financial-inclusion
Global Public Health,https://www.edx.org/course/global-public-health
Introduction to Animal Behaviour,https://www.edx.org/course/introduction-to-animal-behaviour
Circular Economy: An Introduction,https://www.edx.org/course/circular-economy-an-introduction
Public Financial Management,https://www.edx.org/course/public-financial-management
Anatomy: Human Neuroanatomy,https://www.edx.org/course/anatomy-human-neuroanatomy
The Ancient Greek Hero,https://www.edx.org/course/the-ancient-greek-hero-2
Agile Leadership Principles and Practices,https://www.edx.org/course/agile-leadership-principles-2
How to Code: Simple Data,https://www.edx.org/course/how-to-code-simple-data
Cybersecurity and Privacy in the IoT,https://www.edx.org/course/cybersecurity-and-privacy-in-the-iot
Strategic Management,https://www.edx.org/course/strategic-management
"Biochemistry: Biomolecules, Methods, and Mechanisms",https://www.edx.org/course/biochemistry-biomolecules-methods-and-mechanisms
Nutrition and Cancer,https://www.edx.org/course/nutrition-and-cancer
Build your very first iOS app,https://www.edx.org/course/build-your-very-first-ios-app
Object-Oriented Programming,https://www.edx.org/course/object-oriented-programming
Introduction to Jenkins,https://www.edx.org/course/introduction-to-jenkins
Conducting an Informational Interview,https://www.edx.org/course/conducting-an-informational-interview
Creative Coding,https://www.edx.org/course/creative-coding
Computer Graphics,https://www.edx.org/course/computer-graphics-2
Data Science: Computational Thinking with Python,https://www.edx.org/course/foundations-of-data-science-computational-thinking
Deep Learning with Tensorflow,https://www.edx.org/course/deep-learning-with-tensorflow
Essential Human Biology: Cells and Tissues,https://www.edx.org/course/essential-human-biology-cells-and-tissues
"Writing, Presenting and Submitting Scientific Papers in English | 英文科技论文写作与学术报告",https://www.edx.org/course/writing-presenting-and-submitting-scientific-paper
Computing in Python III: Data Structures,https://www.edx.org/course/computing-in-python-iii-data-structures
Introduction to Internet of Things (IoT),https://www.edx.org/course/introduction-to-the-internet-of-things-3
Nutrition and Health: Food Risks,https://www.edx.org/course/nutrition-and-health-food-risks
Mechanics: Kinematics and Dynamics,https://www.edx.org/course/mechanics-kinematics-and-dynamics
Introduction to Data Analytics for Managers,https://www.edx.org/course/introduction-to-data-analytics-for-managers
Qualitative Research Methods: Conversational Interviewing,https://www.edx.org/course/qualitative-research-methods-conversational-interv
International Project Management,https://www.edx.org/course/international-project-management
Software Development Fundamentals,https://www.edx.org/course/software-development-fundamentals
"First Nights - Stravinsky’s Rite of Spring: Modernism, Ballet, and Riots",https://www.edx.org/course/stravinskys-rite-of-spring-modernism-ballet-and-ri
Critical Thinking & Problem Solving,https://www.edx.org/course/critical-thinking-problem-solving-3
Data Analysis Essentials,https://www.edx.org/course/data-analysis-essentials
Work and Employment for a Sustainable Future,https://www.edx.org/course/work-and-employment-for-a-sustainable-future
Foundations of Data Structures,https://www.edx.org/course/foundations-of-data-structures
"Financial Programming and Policies, Part 1: Macroeconomic Accounts & Analysis",https://www.edx.org/course/financial-programming-and-policies-part-1-macroeco
IoT System Design: Software and Hardware Integration,https://www.edx.org/course/iot-system-design-software-and-hardware-integratio
English for Doing Business in Asia – Writing,https://www.edx.org/course/english-for-doing-business-in-asia-writing
Working in Teams: A Practical Guide,https://www.edx.org/course/working-in-teams-a-practical-guide
AI Chatbots without Programming,https://www.edx.org/course/AI-chatbots-without-programming
Just Money: Banking as if Society Mattered,https://www.edx.org/course/just-money-banking-as-if-society-mattered
Computing in Python IV: Objects & Algorithms,https://www.edx.org/course/computing-in-python-iv-objects-algorithms
Teaching Critical Thinking through Art with the National Gallery of Art,https://www.edx.org/course/teaching-critical-thinking-through-art-with-the-na
"Anatomy: Cardiovascular, Urinary, and Respiratory Systems",https://www.edx.org/course/anatomy-cardiovascular-urinary-and-respiratory-sys
Software Engineering: Introduction,https://www.edx.org/course/software-engineering-introduction
Structure of Materials,https://www.edx.org/course/structure-of-materials
Computer Hardware and Operating Systems,https://www.edx.org/course/computer-hardware-and-operating-systems
Marketing Management,https://www.edx.org/course/marketing-management-2
You Can Innovate: User  Innovation & Entrepreneurship,https://www.edx.org/course/you-can-innovate-user-innovation-entrepreneurship
Analytics in Python,https://www.edx.org/course/analytics-in-python
HTML5 Apps and Games,https://www.edx.org/course/html5-apps-and-games
MATLAB and Octave for Beginners,https://www.edx.org/course/matlab-and-octave-for-beginners
The Divine Comedy: Dante's Journey to Freedom,https://www.edx.org/course/the-divine-comedy-dantes-journey-to-freedom
Linux Basics: The Command Line Interface,https://www.edx.org/course/linux-basics-the-command-line-interface
Entrepreneurial Operations: Launching a Startup,https://www.edx.org/course/entrepreneurial-operations-launching-a-startup
Maths Essentials,https://www.edx.org/course/maths-essentials
"Marketing Analytics: Products, Distribution and Sales",https://www.edx.org/course/marketing-analytics-products-distribution-and-sale
Marketing Innovative Products and Services,https://www.edx.org/course/marketing-innovative-products-and-services
Just Reading and Writing in English | 生活英语读写,https://www.edx.org/course/just-reading-and-writing-in-english
Introduction to Java Programming – Part 1,https://www.edx.org/course/introduction-to-java-programming-part-1
Monetary Policy Analysis and Forecasting,https://www.edx.org/course/monetary-policy-analysis-and-forecasting
Basic Analytical Chemistry,https://www.edx.org/course/basic-analytical-chemistry
Identifying Entrepreneurial Opportunities,https://www.edx.org/course/identifying-entrepreneurial-opportunities
"ChinaX Book Club: Five Authors, Five Books, Five Views of China",https://www.edx.org/course/chinax-book-club-five-authors-five-books-five-views-of-china
Astrophysics: Cosmology,https://www.edx.org/course/astrophysics-cosmology
COVID-19 Training for Healthcare Workers,https://www.edx.org/course/covid-19-care-a-lifesaving-program-for-healthcare-providers
The Rise of Superheroes and Their Impact On Pop Culture,https://www.edx.org/course/the-rise-of-superheroes-and-their-impact-on-pop-cu
Introduction to Aeronautical Engineering,https://www.edx.org/course/introduction-to-aeronautical-engineering-2
Deep Learning Fundamentals with Keras,https://www.edx.org/course/deep-learning-fundamentals-with-keras
Existential Well-being Counseling: A Person-centered Experiential Approach,https://www.edx.org/course/existential-well-being-counseling-a-person-centere
Solid Waste Management,https://www.edx.org/course/solid-waste-management
Retail Fundamentals,https://www.edx.org/course/retail-fundamentals
Greatest Unsolved Mysteries of the Universe,https://www.edx.org/course/greatest-unsolved-mysteries-of-the-universe
"Money Markets, Foreign Exchange and Time Value of Money",https://www.edx.org/course/money-markets-foreign-exchange-and-time-value-of-m
Designing the User Experience,https://www.edx.org/course/designing-the-user-experience
Introduction to Bioconductor,https://www.edx.org/course/introduction-to-bioconductor-annotation-and-analys
Connected Strategy,https://www.edx.org/course/connected-strategy-2
Hybrid Vehicles,https://www.edx.org/course/hybrid-vehicles
First Nights - Handel's Messiah and Baroque Oratorio,https://www.edx.org/course/first-nights-handels-messiah-and-baroque-oratorio
Statistical Inference and Modeling for High-throughput Experiments,https://www.edx.org/course/statistical-inference-and-modeling-for-high-throug
First Nights - Monteverdi’s L’Orfeo and the Birth of Opera,https://www.edx.org/course/first-nights-monteverdis-lorfeo-and-the-birth-of-o
18th-Century Opera: Handel & Mozart,https://www.edx.org/course/18th-century-opera-handel-mozart
Introduction to video game development with Unity,https://www.edx.org/course/introduction-to-video-game-development-with-unity
Best Practices for Project Management Success,https://www.edx.org/course/best-practices-for-project-management-success
Coaching Skills for Learner-Centred Conversations,https://www.edx.org/course/coaching-skills-for-educators
Intellectual Property Law and Policy: Part 1,https://www.edx.org/course/intellectual-property-law-and-policy-part-1
Robotics,https://www.edx.org/course/robotics-2
Writing for Social Justice,https://www.edx.org/course/writing-for-social-justice
Steps in Japanese for Beginners1 Part2,https://www.edx.org/course/steps-in-japanese-for-beginners1-part2-2
Case Studies in Functional Genomics,https://www.edx.org/course/case-studies-in-functional-genomics
Essential Career Skills for Investment Banking and Finance,https://www.edx.org/course/essential-career-skills-for-investment-banking-and
Data Structures and Software Design,https://www.edx.org/course/data-structures-and-software-design
Unconscious Bias: From Awareness to Action,https://www.edx.org/course/unconscious-bias-from-awareness-to-action-2
Cybersecurity for Critical Urban Infrastructure,https://www.edx.org/course/cybersecurity-clinic
"Agile Process, Project, and Program Controls",https://www.edx.org/course/agile-for-project-control-2
Risk Management in Development Projects,https://www.edx.org/course/risk-management-in-development-projects
Project Management of Engineering Projects: Preparing for Success,https://www.edx.org/course/project-management-of-engineering-projects-prepari
Supply Chain Dynamics,https://www.edx.org/course/supply-chain-dynamics
Financial Accounting Made Fun: Eliminating Your Fears,https://www.edx.org/course/financial-accounting-made-fun-eliminating-your-fea
Microeconomics & Business,https://www.edx.org/course/microeconomics-business
Business Communication,https://www.edx.org/course/business-communication-3
Vocal Recording Technology,https://www.edx.org/course/berkleex-vocal-recording-technology
IoT Sensors and Devices,https://www.edx.org/course/iot-sensors-and-devices
e-Learning on Digital Agriculture,https://www.edx.org/course/e-learning-on-digital-agriculture
Exploring GraphQL: A Query Language for APIs,https://www.edx.org/course/exploring-graphql-a-query-language-for-apis
EmSAT English Preparation - Level 2,https://www.edx.org/course/emsat-english-preparation-level-2
The Data Science Method,https://www.edx.org/course/data-science-method
"Plato, Socrates, and the Birth of Western Philosophy | 西方哲学精神探源",https://www.edx.org/course/plato-socrates-and-the-birth-of-western-philosophy
"Cosmic Rays, Dark Matter, and the Mysteries of the Universe",https://www.edx.org/course/cosmic-rays-dark-matter-and-the-mysteries-of-the-2
Macroeconomic Diagnostics,https://www.edx.org/course/macroeconomic-diagnostics
BioStatistics,https://www.edx.org/course/biostatistics-2
Results-Based Project Management: Monitoring and Evaluation,https://www.edx.org/course/results-based-project-management-monitoring-and-ev
Alzheimer’s Disease & Dementia Care,https://www.edx.org/course/alzheimers-disease-dementia-care
Sign Language Science: Emergence and Evolution of Sign Language,https://www.edx.org/course/emergence-and-evolution-of-sign-language
International Humanitarian Law,https://www.edx.org/course/international-humanitarian-law
Introduction to Astrophysics,https://www.edx.org/course/introduction-to-astrophysics
Epidemics I,https://www.edx.org/course/epidemics-i
Fundamentals of Macroeconomics,https://www.edx.org/course/fundamentals-of-macroeconomics
"Blockchain and FinTech: Basics, Applications, and Limitations",https://www.edx.org/course/blockchain-and-fintech-basics-applications-and-lim
Molecular Biology - Part 2: Transcription and Transposition,https://www.edx.org/course/molecular-biology-part-2-transcription-and-transposition
"One Planet, One Ocean",https://www.edx.org/course/one-planet-one-ocean
Reputation Management in a Digital World,https://www.edx.org/course/reputation-management-in-a-digital-world
Computer Vision Fundamentals with Watson and OpenCV,https://www.edx.org/course/computer-vision-fundamentals
Japanese Business Management,https://www.edx.org/course/japanese-business-management
Introduction to Cloud Computing,https://www.edx.org/course/introduction-to-cloud-computing-6
Sustainable Urban Development,https://www.edx.org/course/sustainable-urban-development
Introduction to Biomedical Imaging,https://www.edx.org/course/introduction-to-biomedical-imaging
"Circuits and Electronics 2: Amplification, Speed, and Delay",https://www.edx.org/course/circuits-and-electronics-2-amplification-speed-a-2
China’s Political and Intellectual Foundations: From Sage Kings to Confucius,https://www.edx.org/course/chinas-political-and-intellectual-foundations-fr-2
Introduction to DevOps and Site Reliability Engineering,https://www.edx.org/course/introduction-to-devops-and-site-reliability-engineering
Sign Language Science: Factors Contributing to Nature Structure,https://www.edx.org/course/sign-language-factors-contributing-to-natural-stru
Gender and Intersectionality,https://www.edx.org/course/gender-and-intersectionality
Digital Transformation in Business,https://www.edx.org/course/strategic-and-transformational-it-2
Designing and Creating Trousers,https://www.edx.org/course/designing-and-creating-trousers
"Human Rights, Human Wrongs: Challenging Poverty, Vulnerability and Social Exclusion",https://www.edx.org/course/human-rights-human-wrongs-challenging-poverty-vuln
Industry 4.0: How to Revolutionize your Business,https://www.edx.org/course/industry-40-how-to-revolutionize-your-business
"MathTrackX: Polynomials, Functions and Graphs",https://www.edx.org/course/mathtrackx-polynomials-functions-and-graphs
Sustainable Food Security: Crop Production,https://www.edx.org/course/sustainable-food-security-crop-production
Network and Security Foundations,https://www.edx.org/course/network-security-foundations
Cannabis Cultivation and Processing,https://www.edx.org/course/cannabis-cultivation-and-processing
"Data, Models and Decisions in Business Analytics",https://www.edx.org/course/data-models-and-decisions-in-business-analytics
Data Structures Fundamentals,https://www.edx.org/course/data-structures-fundamentals
Shaping Work of the Future,https://www.edx.org/course/shaping-work-of-the-future
"Design Thinking: Ideation, Iteration and Communication",https://www.edx.org/course/design-thinking-ideation-iteration-and-communicati
Negotiation Strategies and Styles,https://www.edx.org/course/negotiation-strategies-and-styles
"Understanding Agribusiness, Value Chains, and Consumers in Global Food Systems",https://www.edx.org/course/understanding-agribusiness-value-chains-and-consum
Unlocking Information Security: Part II,https://www.edx.org/course/unlocking-information-security-part-2
Human Rights Defenders,https://www.edx.org/course/human-rights-defenders-2
Product Design: The Delft Design Approach,https://www.edx.org/course/product-design-the-delft-design-approach
Circuits and Electronics 3: Applications,https://www.edx.org/course/circuits-and-electronics-3-applications-2
Vaccines: from smallpox to technologies of the future,https://www.edx.org/course/vaccines-from-smallpox-to-technologies-of-future
Circular Economy for a Sustainable Built Environment,https://www.edx.org/course/circular-economy-for-a-sustainable-built-environ-2
Agile Innovation and Problem Solving Skills,https://www.edx.org/course/agile-solutions-for-greater-innovation
International Investment Law,https://www.edx.org/course/international-investment-law
Animation and CGI Motion,https://www.edx.org/course/animation-and-cgi-motion-2
Terrorism and Counterterrorism,https://www.edx.org/course/terrorism-and-counterterrorism
Solar Energy: Photovoltaic (PV) Energy Conversion,https://www.edx.org/course/solar-energy-photovoltaic-pv-energy-conversion
Information Technology Foundations,https://www.edx.org/course/information-technology-foundations
Dealing with Power and Dynamics: Discover Your Leadership Style and Influence Stakeholders,https://www.edx.org/course/influencing-stakeholders-discover-your-leadershi-2
Instructional Design and Technology: Learning Theories,https://www.edx.org/course/instructional-design-and-technology-learning-the-2
"Algorithms: Design and Analysis, Part 2",https://www.edx.org/course/algorithms-design-and-analysis-part-2-2
The Math of Data Science: Linear Algebra,https://www.edx.org/course/math-of-data-science-linear-algebra
The Hardware of a Quantum Computer,https://www.edx.org/course/hardware-of-quantum-computer
Leadership focused on Human Flourishing,https://www.edx.org/course/leadership-focused-on-human-flourishing
Automata Theory,https://www.edx.org/course/automata-theory
Foundations of Central Bank Law,https://www.edx.org/course/foundation-of-central-bank-law
C Programming: Modular Programming and Memory Management,https://www.edx.org/course/c-programming-modular-programming-and-memory-manag
Entrepreneurship 102: What can you do for your customer?,https://www.edx.org/course/entrepreneurship-102-what-can-you-do-for-your-cust
Introduction to Marketing,https://www.edx.org/course/introduction-to-marketing-5
Origins of the Human Mind,https://www.edx.org/course/origins-of-the-human-mind
Clinical Reasoning Process,https://www.edx.org/course/clinical-reasoning-process
Media Law,https://www.edx.org/course/media-law
Pivoting to Online Teaching: Research and Practitioner Perspectives,https://www.edx.org/course/pivoting-to-online-teaching-research-and-practitioner-perspectives
Circular Economy: An Interdisciplinary Approach,https://www.edx.org/course/circular-economy-an-interdisciplinary-approach
Calculus 1B: Integration,https://www.edx.org/course/calculus-1b-integration
Algorithmic Design and Techniques,https://www.edx.org/course/algorithmic-design-and-techniques
Drinking Water Treatment,https://www.edx.org/course/drinking-water-treatment-2
Music Technology Foundations,https://www.edx.org/course/music-technology-foundations
The Entrepreneurial Mindset,https://www.edx.org/course/the-entrepreneurial-mindset
Risk Management and Credit Principles,https://www.edx.org/course/risk-management-and-credit-principles
Steps in Japanese for Beginners1 Part3,https://www.edx.org/course/steps-in-japanese-for-beginners1-part3-2
Structural Materials: Selection and Economics,https://www.edx.org/course/structural-materials-selection-and-economics
Algorithm Design and Analysis,https://www.edx.org/course/algorithm-design-and-analysis
Mandarin Chinese for Business,https://www.edx.org/course/mandarin-chinese-for-business
Arab-Islamic History: From Tribes to Empires,https://www.edx.org/course/arab-islamic-history-from-tribes-to-empires
Human-Computer Interaction I: Fundamentals & Design Principles,https://www.edx.org/course/human-computer-interaction-i-fundamentals-design-p
Modeling and simulation of multibody systems,https://www.edx.org/course/modeling-and-simulation-of-multibody-systems
Analytics for Decision Making,https://www.edx.org/course/analytics-for-decision-making
Energy Principles and Renewable Energy,https://www.edx.org/course/energy-principles-and-renewable-energy
DNA: Biology’s Genetic Code,https://www.edx.org/course/dna-biologys-genetic-code
Music For Wellness,https://www.edx.org/course/music-for-wellness
Mining Massive Datasets,https://www.edx.org/course/mining-massive-datasets
Digital Security and Human Rights,https://www.edx.org/course/digital-security-and-human-rights
Critical thinking: reasoned decision making,https://www.edx.org/course/critical-thinking-reasoned-decision-making
Introduction to the Internet of Things,https://www.edx.org/course/introduction-to-the-internet-of-things
Trading - Fundamentals of Technical Analysis,https://www.edx.org/course/trading-fundamentals-of-technical-analysis
Design Thinking: Empathizing to Understand the Problem,https://www.edx.org/course/design-thinking-empathizing-to-understand-the-prob
Storytelling in the Workplace,https://www.edx.org/course/storytelling-in-the-workplace-3
Marketing Analytics: Price and Promotion Analytics,https://www.edx.org/course/marketing-analytics-price-and-promotion-analytics
Implementation of Data Structures,https://www.edx.org/course/implementation-of-data-structures
Activism and Citizen Journalism through Media,https://www.edx.org/course/activism-and-citizen-journalism-through-media
Electric and Conventional Vehicles,https://www.edx.org/course/electric-and-conventional-vehicles
Big Data Fundamentals,https://www.edx.org/course/big-data-fundamentals
Sustainable Food Security: The value of systems thinking,https://www.edx.org/course/sustainable-food-security-the-value-of-systems-thi
C Programming: Pointers and Memory Management,https://www.edx.org/course/c-programming-pointers-and-memory-management
Astrophysics: The Violent Universe,https://www.edx.org/course/astrophysics-the-violent-universe
Landscape Ecology,https://www.edx.org/course/landscape-ecology
IoT Programming and Big Data,https://www.edx.org/course/iot-programming-and-big-data
AWS: Getting Started with Cloud Security,https://www.edx.org/course/aws-getting-started-with-cloud-security
Introduction to the Music Business,https://www.edx.org/course/berkleex-introduction-to-the-music-business
"Feeding a Hungry Planet: Agriculture, Nutrition and Sustainability",https://www.edx.org/course/feeding-a-hungry-planet-agriculture-nutrition-and
Macroeconomics - The Basics,https://www.edx.org/course/macroeconomics-literacy
Fundamentals of Financial Mathematics and Capital Budgeting,https://www.edx.org/course/fundamental-of-financial-mathematics-and-capital-budgeting
Market Segmentation Analysis,https://www.edx.org/course/market-segmentation-analysis
AP® English Literature & Composition – Part 2: Poems,https://www.edx.org/course/ap-english-literature-composition-part-2-poems-2
"Electrical, Optical & Magnetic Materials and Devices",https://www.edx.org/course/electrical-optical-magnetic-materials-and-devices
Advanced Cardiac Imaging: Cardiac Computed Tomography (CT),https://www.edx.org/course/advanced-cardiac-imaging-cardiac-computed-tomograp
How to Design a Successful Business Model,https://www.edx.org/course/how-to-design-a-successful-business-model
Agile Software Development,https://www.edx.org/course/agile-software-development
Essentials of Program Strategy and Evaluation,https://www.edx.org/course/essentials-of-program-strategy-and-evaluation
Innovation: From Plan to Product,https://www.edx.org/course/innovation-from-plan-to-product
Introduction to Database Queries,https://www.edx.org/course/introduction-to-database-queries
Climate Change: Carbon Capture and Storage,https://www.edx.org/course/climate-change-carbon-capture-and-storage
Reservoir Geomechanics,https://www.edx.org/course/reservoir-geomechanics
IoT System Architecture: Design and Evaluation,https://www.edx.org/course/iot-system-architecture-design-and-evaluation-2
Noongar Language and Culture,https://www.edx.org/course/noongar-language-and-culture
Sorting Truth From Fiction: Civic Online Reasoning,https://www.edx.org/course/sorting-truth-from-fiction-civic-online-reasoning
Sustainable Food Security: Food Access,https://www.edx.org/course/sustainable-food-security-food-access
Epidemics II,https://www.edx.org/course/epidemics-ii
Sign Language Science: Factors Contributing to Natural Learning,https://www.edx.org/course/sign-language-factors-contributing-to-natural-lear
Big Data Analytics,https://www.edx.org/course/big-data-analytics-2
Achieving Product-Market Fit,https://www.edx.org/course/achieving-product-market-fit
Culture and Law: The East Asian Perspective,https://www.edx.org/course/culture-and-law-the-east-asian-perspective
How to Achieve the Sustainable Development Goals,https://www.edx.org/course/how-to-achieve-the-sustainable-development-goals
From Atoms to Stars: How Physics Explains Our World,https://www.edx.org/course/from-atoms-to-stars-how-physics-explains-our-world
The Threat of Nuclear Terrorism,https://www.edx.org/course/the-threat-of-nuclear-terrorism
"Architecture, Algorithms, and Protocols of a Quantum Computer and Quantum Internet",https://www.edx.org/course/architecture-algorithms-quantum-computer-internet
Contemporary Issues in World Politics,https://www.edx.org/course/contemporary-issues-in-world-politics
More Fun with Prime Numbers,https://www.edx.org/course/more-fun-with-prime-numbers
Enterprise Selling,https://www.edx.org/course/enterprise-selling
Climate Change: Financial Risks and Opportunities,https://www.edx.org/course/climate-change-financial-risks-and-opportunities
Mandarin Chinese Level 2,https://www.edx.org/course/mandarin-chinese-level-2
Design Thinking: Prototyping and User Testing,https://www.edx.org/course/design-thinking-prototyping-and-user-testing
Big Data and Education,https://www.edx.org/course/big-data-and-education
Model-Based Automotive Systems Engineering,https://www.edx.org/course/model-based-automotive-systems-engineering
Introduction to Hyperledger Blockchain Technologies,https://www.edx.org/course/introduction-to-hyperledger-blockchain-technologie
MathTrackX: Integral Calculus,https://www.edx.org/course/mathtrackx-integral-calculus
Solar Energy Engineering: Comprehensive Exams,https://www.edx.org/course/solar-energy-engineering-comprehensive-exams-2
Overview & Management of Parkinson’s Disease,https://www.edx.org/course/overview-management-of-parkinsons-disease-2
Sprint Planning for Faster Agile Team Delivery,https://www.edx.org/course/driving-speed-through-agile-planning-2
Introduction to Water and Climate,https://www.edx.org/course/introduction-to-water-and-climate
The Medieval Icelandic Sagas,https://www.edx.org/course/the-medieval-icelandic-sagas-2
Visual Presentation,https://www.edx.org/course/visual-presentation-3
Community Engagement: Collaborating for Change,https://www.edx.org/course/community-engagement-collaborating-for-change
"Proteins: Alignment, Analysis and Structure",https://www.edx.org/course/proteins-alignment-analysis-and-structure
AI Applications with Watson,https://www.edx.org/course/AI-applications-with-watson
Data Analytics and Visualization in Health Care,https://www.edx.org/course/data-analytics-and-visualization-in-health-care
Question Everything: Scientific Thinking in Real Life,https://www.edx.org/course/question-everything-scientific-thinking-in-real-li
Introduction to Lifestyle Medicine,https://www.edx.org/course/introduction-to-lifestyle-medicine
"Social Work Practice with Individuals, Families, and Small Groups",https://www.edx.org/course/social-work-practice-with-individuals-families-and
Indian & Tibetan River of Buddhism,https://www.edx.org/course/indian-tibetan-river-of-buddhism
Financial Analysis for Decision Making,https://www.edx.org/course/financial-analysis-for-decision-making
Lifestyle Medicine Treatments of Chronic Disease – Part 1,https://www.edx.org/course/lifestyle-medicine-treatments-of-chronic-disease-p
Building Containerized Applications on AWS,https://www.edx.org/course/building-containerized-applications-on-aws
Effective Communication for Program and Project Stakeholders and Teams,https://www.edx.org/course/PMCOMM01
Biobased Products for a Sustainable (Bio)economy,https://www.edx.org/course/biobased-products-for-a-sustainable-bioeconomy
Social Work Practice: Advocating Social Justice and Change,https://www.edx.org/course/social-work-practice-advocating-social-justice-and
Anthropology of Current World Issues,https://www.edx.org/course/anthropology-of-current-world-issues
Buyer Behaviour and Analysis,https://www.edx.org/course/buyer-behaviour-and-analysis
Idea Development: Create and Implement Innovative Ideas,https://www.edx.org/course/idea-development-create-and-implement-innovative-i
Analysis of Transport Phenomena I: Mathematical Methods,https://www.edx.org/course/analysis-of-transport-phenomena-i-mathematical-met
Leading the Organization,https://www.edx.org/course/leading-the-organization
"Financial Programming and Policies, Part 2: Program Design",https://www.edx.org/course/financial-programming-and-policies-part-2-progra-2
Introduction to Open Source Networking Technologies,https://www.edx.org/course/introduction-to-open-source-networking-technologie
Deep Learning Essentials,https://www.edx.org/course/deep-learning-essentials
Teaching & Learning in the Diverse Classroom,https://www.edx.org/course/teaching-learning-in-the-diverse-classroom
Fundamentals of Microeconomics | Fundamentos de Microeconomía,https://www.edx.org/course/fundamentals-of-microeconomics-fundamentos-de-micr
Migrating to the AWS Cloud,https://www.edx.org/course/migrating-to-the-aws-cloud
IoT Networks and Protocols,https://www.edx.org/course/iot-networks-and-protocols
"American Prophet: The Inner Life and Global Vision of Martin Luther King, Jr.",https://www.edx.org/course/american-prophet-the-inner-life-and-global-vision-of-martin-luther-king-jr
China’s First Empires and the Rise of Buddhism,https://www.edx.org/course/chinas-first-empires-and-the-rise-of-buddhism
Quantum Mechanics: A First Course,https://www.edx.org/course/quantum-mechanics-a-first-course
Urban Sewage Treatment,https://www.edx.org/course/urban-sewage-treatment-2
Doing Gender and Why it Matters,https://www.edx.org/course/doing-gender-and-why-it-matters
"Principle of Semiconductor Devices Part I: Semiconductors, PN Junctions and Bipolar Junction Transistors",https://www.edx.org/course/principle-of-semiconductor-devices-part-i-semicond
"19th-Century Opera: Meyerbeer, Wagner, & Verdi",https://www.edx.org/course/19th-century-opera-meyerbeer-wagner-verdi
Quantitative Marketing Research,https://www.edx.org/course/quantitative-marketing-research
Solar Energy: Integration of Photovoltaic Systems in Microgrids,https://www.edx.org/course/solar-energy-integration-of-photovoltaic-systems-i
"Automated Software Testing: Unit Testing, Coverage Criteria and Design for Testability",https://www.edx.org/course/automated-software-testing-unit-testing-coverage-2
Probability and Statistics I:  A Gentle Introduction to Probability,https://www.edx.org/course/probability-and-statistics-i-a-gentle-introduction-to-probability
Agile Mindset Introduction,https://www.edx.org/course/agile-mindset-introduction
Tropical coastal ecosystems,https://www.edx.org/course/tropical-coastal-ecosystems
Modern China’s Foundations: The Manchus and the Qing,https://www.edx.org/course/modern-chinas-foundations-the-manchus-and-the-qing
Autonomous Mobile Robots,https://www.edx.org/course/autonomous-mobile-robots
Introduction to Sociology,https://www.edx.org/course/introduction-to-sociology
"Cellular Solids Part 1: Structures, Properties and Engineering Applications",https://www.edx.org/course/cellular-solids-part-1-structures-properties-and-e
Introduction to Statistical Methods for Gene Mapping,https://www.edx.org/course/introduction-to-statistical-methods-for-gene-mappi
Mandarin Chinese Level 3,https://www.edx.org/course/mandarin-chinese-level-3
Databases: Advanced Topics in SQL,https://www.edx.org/course/advanced-topics-in-sql
Data for Effective Policy Making,https://www.edx.org/course/data-for-effective-policy-making
C Programming: Using Linux Tools and Libraries,https://www.edx.org/course/c-programming-using-linux-tools-and-libraries
Cybersecurity: The CISO's View,https://www.edx.org/course/cybersecurity-the-cisos-view
"Instructional Design: Digital Media, New Tools and Technology",https://www.edx.org/course/instructional-design-digital-media-new-tools-and-2
Molecular Biology – Part 3: RNA Processing and Translation,https://www.edx.org/course/molecular-biology-part-3-rna-processing-and-transl
Power and Responsibility: Doing Philosophy with Superheroes,https://www.edx.org/course/power-and-responsibility-doing-philosophy-with-sup
Sustainable Urban Freight Transport: A Global Perspective,https://www.edx.org/course/sustainable-urban-freight-transport-a-global-persp
MathTrackX: Statistics,https://www.edx.org/course/mathtrackx-statistics
Strategic Applications of IT Project & Program Management,https://www.edx.org/course/strategic-applications-of-it-project-program-manag
Advanced Bioconductor,https://www.edx.org/course/advanced-bioconductor
What Every Provider Should Know: Clinical Fundamentals,https://www.edx.org/course/what-every-provider-should-know-clinical-fundamentals
Measuring Sustainable Development,https://www.edx.org/course/measuring-sustainable-development
Hong Kong Cinema through a Global Lens | 全球化下的香港电影,https://www.edx.org/course/hong-kong-cinema-through-a-global-lens
Image Processing and Analysis for Life Scientists,https://www.edx.org/course/image-processing-and-analysis-for-life-scientists
Globalization: Past and Future,https://www.edx.org/course/globalization-past-and-future
Star Trek: Inspiring Culture and Technology,https://www.edx.org/course/star-trek-inspiring-culture-and-technology
"Introduction to Cloud Development with HTML5, CSS3, and JavaScript",https://www.edx.org/course/introduction-to-cloud-development-with-html5-css3-and-javascript
Tools for Academic Engagement in Public Policy,https://www.edx.org/course/tools-for-academic-engagement-in-public-policy
Theory of Change for Development,https://www.edx.org/course/theory-of-change-for-development
Monozukuri: Making Things,https://www.edx.org/course/monozukuri-making-things
Drug Discovery & Medicinal Chemistry,https://www.edx.org/course/med-001
Digital Biomaterials,https://www.edx.org/course/digital-biomaterials
Natural Resources for Sustainable Development,https://www.edx.org/course/natural-resources-for-sustainable-development
Omnichannel Strategy and Management,https://www.edx.org/course/omnichannel-strategy-and-management
General Overview of Cannabis and the Industry’s Outlook and Professions,https://www.edx.org/course/general-overview-of-cannabis-and-the-industrys-out
Amazon SageMaker: Simplifying Machine Learning Application Development,https://www.edx.org/course/amazon-sagemaker-simplifying-machine-learning-appl
Demand and Supply Analytics,https://www.edx.org/course/demand-and-supply-analytics
Advanced Algorithmics and Graph Theory with Python,https://www.edx.org/course/advanced-algorithmics-and-graph-theory-with-python
Leadership and Management for PM Practitioners in IT,https://www.edx.org/course/leadership-and-management-for-pm-practitioners-in
Entrepreneurship 103: Show Me The Money,https://www.edx.org/course/entrepreneurship-103-show-me-the-money
Drainage in Agriculture: controlling water and salt levels in the soil,https://www.edx.org/course/drainage-in-agriculture-controlling-water-and-sa-2
AP® Physics 1: Challenging Concepts,https://www.edx.org/course/ap-physics-1-challenging-concepts
Introduction to Java Programming – Part 2,https://www.edx.org/course/introduction-to-java-programming-part-2
AP® Macroeconomics,https://www.edx.org/course/ap-macroeconomics
Climate Change Education,https://www.edx.org/course/climate-change-education
Applied Deep Learning Capstone Project,https://www.edx.org/course/applied-deep-learning-capstone-project
FinTech Ethics and Risks,https://www.edx.org/course/fintech-ethics-and-risks
User Experience (UX) Design: Human Factors and Culture in Design | 设计的人因与文化,https://www.edx.org/course/user-experience-ux-design-human-factors-and-cultur
The Conquest of Space: Space Exploration and Rocket Science,https://www.edx.org/course/the-conquest-of-space-space-exploration-and-rocket
Business Strategy and Operations in a Biobased Economy,https://www.edx.org/course/business-strategy-and-operations-in-a-biobased-eco
What Works in Education: Evidence-Based Education Policies,https://www.edx.org/course/what-works-in-education-evidence-based-education-p
Electric Cars: Business,https://www.edx.org/course/electric-cars-business
Thermodynamics of Materials,https://www.edx.org/course/thermodynamics-of-materials-2
Mechanics: Momentum and Energy,https://www.edx.org/course/mechanics-momentum-and-energy
Co-Creating Sustainable Cities,https://www.edx.org/course/co-creating-sustainable-cities
Introduction to Animal Ethics,https://www.edx.org/course/introduction-to-animal-ethics
Teamwork & Collaboration,https://www.edx.org/course/teamwork-collaboration-3
Grant Writing and Crowdfunding for Public Libraries,https://www.edx.org/course/grant-writing-and-crowdfunding-for-public-librarie
Leading Ambitious Teaching and Learning,https://www.edx.org/course/leading-ambitious-teaching-and-learning
Financing Innovative Ventures,https://www.edx.org/course/financing-innovative-ventures
"A-level Mathematics for Year 13 - Course 2: General Motion, Moments and Equilibrium, The Normal Distribution, Vectors, Differentiation Methods, Integration Methods and Differential Equations",https://www.edx.org/course/a-level-mathematics-for-year-13-course-2
Theories of Media and Technology,https://www.edx.org/course/theories-of-media-and-technology
"Batteries, Fuel Cells, and their Role in Modern Society",https://www.edx.org/course/batteries-fuel-cells-and-their-role-in-modern-so-2
Communication Skills for Dialoguing Across Difference,https://www.edx.org/course/communication-skills-for-dialoguing-across-difference
Social Media: How Media Got Social,https://www.edx.org/course/social-media-how-media-got-social
"Portfolio Management, Governance, & the PMO",https://www.edx.org/course/portfolio-management-governance-the-pmo
edX101: Overview of Creating an edX Course,https://www.edx.org/course/edx101-overview-of-creating-an-edx-course
Data Analysis for Decision Making,https://www.edx.org/course/data-analysis-for-decision-making
UML Class Diagrams for Software Engineering,https://www.edx.org/course/uml-class-diagrams-for-software-engineering
Driving Digital Innovation through Experimentation,https://www.edx.org/course/driving-digital-innovation-through-experimentation
Compilation Basics for Macroeconomic Statistics,https://www.edx.org/course/compilation-basics-for-macroeconomic-statistics
From Fossil Resources to Biomass: A Chemistry Perspective,https://www.edx.org/course/from-fossil-resources-to-biomass-a-chemistry-persp
System Dynamics for Health Sciences,https://www.edx.org/course/system-dynamics-for-health-sciences
Introduction to Psychological Research Methods,https://www.edx.org/course/introduction-to-psychological-research-methods
Sustainable Packaging in a Circular Economy,https://www.edx.org/course/sustainable-packaging-in-a-circular-economy
Design in Healthcare: Using Patient Journey Mapping,https://www.edx.org/course/design-in-healthcare-using-patient-journey-mapping
"Electronic, Optical, and Magnetic Properties of Materials",https://www.edx.org/course/electronic-optical-and-magnetic-properties-of-mate
Risk Management for Projects,https://www.edx.org/course/risk-management-for-projects
Smithsonian’s Objects That Define America,https://www.edx.org/course/smithsonians-objects-that-define-america
Creating Modern China: The Republican Period to the Present,https://www.edx.org/course/creating-modern-china-the-republican-period-to-the
Discover Political Science,https://www.edx.org/course/discover-political-science-2
Data Science: Inferential Thinking through Simulations,https://www.edx.org/course/foundations-of-data-science-inferential-thinking-b
Programming for Data Science,https://www.edx.org/course/programming-for-data-science
Public Sector Debt Statistics,https://www.edx.org/course/public-sector-debt-statistics
Sensor Fusion and Non-linear Filtering for Automotive Systems,https://www.edx.org/course/sensor-fusion-and-non-linear-filtering-for-automot
First Nights - Berlioz’s Symphonie Fantastique and Program Music in the 19th Century,https://www.edx.org/course/first-nights-berliozs-symphonie-fantastique-and-pr
The Quantum Internet and Quantum Computers: How Will They Change the World?,https://www.edx.org/course/the-quantum-internet-and-quantum-computers-how-w-2
Research Methods: An Engineering Approach,https://www.edx.org/course/research-methods-an-engineering-approach
Rise to Leadership: Become a CEO,https://www.edx.org/course/rise-to-leadership-become-a-ceo
Building a Cybersecurity Toolkit,https://www.edx.org/course/building-a-cybersecurity-toolkit
Marketing your Android apps,https://www.edx.org/course/marketing-your-android-apps
Embedded Systems Essentials with Arm: Getting Started,https://www.edx.org/course/embedded-systems-essentials-with-arm-getting-started
Life with Diabetes,https://www.edx.org/course/life-with-diabetes
Human Reproduction,https://www.edx.org/course/human-reproduction
Enabling Technologies for Data Science and Analytics: The Internet of Things,https://www.edx.org/course/enabling-technologies-for-data-science-and-analyti
Astrophysics: Exploring Exoplanets,https://www.edx.org/course/astrophysics-exploring-exoplanets
Unconventional Reservoir Geomechanics,https://www.edx.org/course/unconventional-reservoir-geomechanics
Strategic Account Management,https://www.edx.org/course/strategic-account-management
PyTorch Basics for Machine Learning,https://www.edx.org/course/pytorch-basics-for-machine-learning
Introduction to Cloud Foundry and Cloud Native Software Architecture,https://www.edx.org/course/introduction-to-cloud-foundry-and-cloud-native-sof
Know HBV And HCV,https://www.edx.org/course/know-hbv-and-hcv
The Supreme Court & American Politics,https://www.edx.org/course/the-supreme-court-american-politics
Sales Enablement & Analytics,https://www.edx.org/course/sales-enablement-analytics
Comparative Political Systems,https://www.edx.org/course/comparative-political-systems
Cloud Computing for Enterprises,https://www.edx.org/course/cloud-computing-for-enterprises-2
Diversity and Social Justice in Social Work,https://www.edx.org/course/diversity-and-social-justice-in-social-work
Public Library Marketing and Public Relations,https://www.edx.org/course/public-library-marketing-and-public-relations
"Healthcare Finance, Economics and Risk",https://www.edx.org/course/healthcare-finance-economics-and-risk
VideoX: Creating Video for the edX Platform,https://www.edx.org/course/videox-creating-video-for-the-edx-platform
MathTrackX: Probability,https://www.edx.org/course/mathtrackx-probability
Sign Language Science: Factors Contributing to Natural Change,https://www.edx.org/course/factors-contributing-to-natural-change
Accounting System Structure and Information Management,https://www.edx.org/course/accounting-system-structure-and-information-management
Sustainable Development: The Post-Capitalist Order,https://www.edx.org/course/sustainable-development-the-post-capitalist-order
"Health Law, Policy, and Advocacy",https://www.edx.org/course/health-law-policy-and-advocacy
Introduction to Haptics,https://www.edx.org/course/introduction-to-haptics
Decision Making Under Uncertainty: Introduction to Structured Expert Judgment,https://www.edx.org/course/decision-making-under-uncertainty-introduction-to
AP® Calculus BC,https://www.edx.org/course/ap-calculus-bc-2
Advanced Linear Algebra: Foundations to Frontiers,https://www.edx.org/course/advanced-linear-algebra-foundations-to-frontiers
Understanding Political Concepts,https://www.edx.org/course/understanding-political-concepts
How to Code: Complex Data,https://www.edx.org/course/how-to-code-complex-data
Hypersonics – from Shock Waves to Scramjets,https://www.edx.org/course/hypersonics-from-shock-waves-to-scramjets-2
Micro and Nanofabrication (MEMS),https://www.edx.org/course/micro-and-nanofabrication-mems
Scientific Methods and Research,https://www.edx.org/course/scientific-methods-and-research
Customer Centric Marketing for Entrepreneurs,https://www.edx.org/course/customer-centric-marketing-for-entrepreneurs
Dog Behavior: Problems and Solutions,https://www.edx.org/course/dog-behavior-problems-and-solutions
The Business of Mining,https://www.edx.org/course/the-business-of-mining
"Social Work Practice in Community Organization, Management and Policy/Evaluation",https://www.edx.org/course/social-work-practice-in-community-organization-man
The Business of Aging in the Longevity Economy,https://www.edx.org/course/the-business-of-aging-in-the-longevity-economy
Understanding the Australian Health Care System,https://www.edx.org/course/understanding-the-australian-health-care-system
Age of Sustainable Development,https://www.edx.org/course/age-of-sustainable-development
Internationalization: Creating Digital Content for the World,https://www.edx.org/course/internationalization-creating-digital-content-for
Multi-Object Tracking for Automotive Systems,https://www.edx.org/course/multi-object-tracking-for-automotive-systems
Economics and Policies in a Biobased Economy,https://www.edx.org/course/economics-and-policies-in-a-biobased-economy
Strategic Leadership in Healthcare,https://www.edx.org/course/strategic-leadership-in-healthcare
Terrorism and Counterterrorism: An Introduction,https://www.edx.org/course/terrorism-and-counterterrorism-an-introduction
Exploring Psychology's Core Concepts|走进心理学,https://www.edx.org/course/exploring-psychologys-core-concepts
Creating Virtual Reality (VR) Apps,https://www.edx.org/course/creating-virtual-reality-vr-apps-2
Steps in Japanese for Beginners2 Part1,https://www.edx.org/course/steps-in-japanese-for-beginners2-part1-2
Dynamics and Control,https://www.edx.org/course/dynamics-and-control
Finding Your Cybersecurity Career Path,https://www.edx.org/course/finding-your-cybersecurity-career-path
Mechanics: Rotational Dynamics,https://www.edx.org/course/mechanics-rotational-dynamics
Applying Health Coaching in Patient Care,https://www.edx.org/course/applying-health-coaching-in-patient-care
Databases: Modeling and Theory,https://www.edx.org/course/modeling-and-theory
"Islamic Banking: Principles, Practice and Risk Management",https://www.edx.org/course/islamic-banking-principles-practice-and-risk-manag
Software Construction: Object-Oriented Design,https://www.edx.org/course/software-construction-object-oriented-design
"Introduction to Hyperledger Sovereign Identity Blockchain Solutions: Indy, Aries & Ursa",https://www.edx.org/course/identity-in-hyperledger-aries-indy-and-ursa
The Civil War and Reconstruction - 1861 - 1865: A New Birth of Freedom,https://www.edx.org/course/cwr-1861-1865-a-new-birth-of-freedom
Innovation Strategies for Electric Mobility: The StreetScooter Case,https://www.edx.org/course/innovation-strategies-for-electric-mobility-the-st
Sustainable Energy,https://www.edx.org/course/sustainable-energy
Designing and Leading Learning Systems,https://www.edx.org/course/designing-and-leading-learning-systems
How the U.S. Government Works & How to Get Involved,https://www.edx.org/course/how-the-us-government-works-how-to-get-involved
Inspiring and Motivating Arts and Culture Teams,https://www.edx.org/course/inspiring-and-motivating-arts-and-culture-teams
Principles of Microeconomics: An Economist Way of Thinking,https://www.edx.org/course/principles-of-microeconomics
A System View of Communications: From Signals to Packets (Part 1),https://www.edx.org/course/a-system-view-of-communications-from-signals-to-pa
"Invasions, Rebellions, and the Fall of Imperial China",https://www.edx.org/course/invasions-rebellions-and-the-fall-of-imperial-chin
AP® English Literature & Composition – Part 3: Plays,https://www.edx.org/course/ap-english-literature-composition-part-3-plays
Proteins: Biology's Workforce,https://www.edx.org/course/proteins-biologys-workforce
Linear Algebra I: Linear Equations,https://www.edx.org/course/linear-equations-part-1
"Fundamentals of Biomedical Imaging: Ultrasounds, X-ray, positron emission tomography (PET) and applications",https://www.edx.org/course/fundamentals-of-biomedical-imaging-ultrasounds-x-r
Sustainable Food Systems: A Mediterranean Perspective,https://www.edx.org/course/sustainable-food-systems-a-mediterranean-perspecti
Scripting and Programming Foundations,https://www.edx.org/course/scripting-and-programming-foundations
Using GPUs to Scale and Speed-up Deep Learning,https://www.edx.org/course/using-gpus-to-scale-and-speed-up-deep-learning
StudioX: Creating a Course with edX Studio,https://www.edx.org/course/studiox-creating-a-course-with-edx-studio
The Power of Data,https://www.edx.org/course/the-power-of-data
Drones and Autonomous Systems 2: Applications in Emergency Management,https://www.edx.org/course/drones-and-autonomous-systems-2-applications-in-em
MathTrackX: Differential Calculus,https://www.edx.org/course/mathtrackx-differential-calculus
Global China: From the Mongols to the Ming,https://www.edx.org/course/global-china-from-the-mongols-to-the-ming
Leaders in Citizen Security and Justice Management for the Caribbean,https://www.edx.org/course/leaders-in-citizen-security-and-justice-management
Computational Neuroscience: Neuronal Dynamics of Cognition,https://www.edx.org/course/computational-neuroscience-neuronal-dynamics-of-co
Cities and the Challenge of Sustainable Development,https://www.edx.org/course/cities-and-the-challenge-of-sustainable-developmen
MathTrackX: Special Functions,https://www.edx.org/course/mathtrackx-special-functions
